feature,reach,impact,confidence,effort
Agent Discovery System,500,3,0.9,8
Skills Documentation Portal,800,2,1.0,5
Python Tool Testing Framework,300,2,0.8,3
Agent Performance Analytics,200,1.5,0.7,4
Multi-Model Agent Support,600,3,0.6,10
Skill Template Generator,400,2,0.9,2
Agent Workflow Visualization,250,1.5,0.8,3
Cross-Skill Dependencies,150,2,0.5,6
Real-time Agent Collaboration,100,3,0.4,12
Skills Marketplace Integration,1000,2,0.7,15
Documentation Auto-Sync,350,1,0.9,1
Agent Health Monitoring,450,2,0.8,4
Skill Version Management,300,1.5,0.7,3
Interactive Agent Tutorials,500,1.5,0.8,5
